{"cameraMode":{"drawMode":0,"name":"Shaded","section":"Shading Mode"},"sceneLighting":false,"audioPlay":false,"sceneViewState":{"showFog":true,"showMaterialUpdate":true,"showSkybox":true,"showFlares":true,"showImageEffects":true,"showParticleSystems":true},"in2DMode":false,"pivot":{"x":93.88715362548828,"y":-56.06127166748047,"z":351.47564697265627},"rotation":{"x":-0.5076375603675842,"y":-0.013730893842875958,"z":0.008090767078101635,"w":-0.8614233136177063},"size":146.0496368408203,"orthographic":false}