{"cameraMode":{"drawMode":0,"name":"Shaded","section":"Shading Mode"},"sceneLighting":false,"audioPlay":false,"sceneViewState":{"showFog":true,"showMaterialUpdate":true,"showSkybox":true,"showFlares":true,"showImageEffects":true,"showParticleSystems":true},"in2DMode":false,"pivot":{"x":186.83692932128907,"y":-48.01676940917969,"z":33.645286560058597},"rotation":{"x":0.1532968431711197,"y":-0.8293963670730591,"z":0.27578791975975039,"w":0.4610237181186676},"size":444.2410888671875,"orthographic":false}