{"cameraMode":{"drawMode":0,"name":"Shaded","section":"Shading Mode"},"sceneLighting":true,"audioPlay":false,"sceneViewState":{"showFog":true,"showMaterialUpdate":true,"showSkybox":true,"showFlares":true,"showImageEffects":true,"showParticleSystems":true},"in2DMode":false,"pivot":{"x":464.8380126953125,"y":-23.634490966796876,"z":610.656494140625},"rotation":{"x":0.2004944384098053,"y":-0.018520157784223558,"z":0.0037905904464423658,"w":0.9795125126838684},"size":1008.9165649414063,"orthographic":false}